name,employeeID
Kaito Nakamura,zn0895
Sofia Patel,zp0432
Amirah Kim,zk0719
Alejandro Lopez,za0367
Isabella Chen,zc0521
Mohammad Ali,zma0913
Lea Nguyen,zn0896
Lucas Garcia,zl0368
Aria Khan,za0368
Alessandro Russo,zr0611
Lina Kim,zk0720
Elena Rodriguez,zer0655
Adam Abdi,za0369
Emilia Costa,zco0710
Rohan Sharma,zsh0418
Yara Mansour,zma0914
Eva Bergman,zbe0501
Matias Andersen,zan0847
Sophie Leblanc,zle0430
Rajesh Patel,zp0433
Nina Ivanova,ziv0717
Liam O'Sullivan,zos0911
Lina Petrov,zpe0609
Javier Morales,zmo0845
Noa Cohen,zco0711
Aya Nakamura,zn0897
Lara Santos,zsa0421
Adnan Khan,za0370
Emma Li,zli0522
Sebastian Berg,zbe0502
Amara Ahmed,zah0371
Hiroshi Tanaka,zt0922
Anna Kowalski,zko0702
Antonio Rossi,zro0614
Chloe Martin,zma0915
Ravi Patel,zp0434
Aisha Rahman,zra0612
Hugo Gagnon,zga0932
Mila Petrova,zpe0610
Leo Andersen,zan0848
Olivia Dubois,zdu0917
Aarav Gupta,zgu0455
Emily Wang,zwa0518
Yusuf Ali,zal0372
Ana Rodrigues,zro0615
Maxime Lefevre,zle0431
Sara Johansson,zjo0926
David Kim,zk0721
Lila Martin,zma0916
Anton Kovalenko,zko0703
Alessia Ferrari,zfe0460
Liam Clark,zcl0426
Amina Khouri,zkh0718
Hanna Jansson,zja0918
Leonardo Costa,zco0712
Kamila Petrova,zpe0611
Gabriel Silva,zsi0940
Lucia Hernandez,zhe0938
